larbert,1
tadworth,1
knaresborough,1
frome,1
thornhill,1
elland,1
armagh,1
carrickfergus,1
worksop,1
isle_of_bute,1
lochwinnoch,1
kirkby_stephen,1
harwich,1
faversham,1
askam_in_furness,1
bala,1
worcester_park,1
birmingham,1
gosport,1
tintagel,1
maldon,1
bude,1
normanton,1
wylam,1
eye,1
south_shields,1
stafford,1
ivybridge,1
huntly,1
cheddar,1
dunmow,1
hindhead,1
withernsea,1
dewsbury,1
isles_of_scilly,1
lossiemouth,1
peebles,1
bridport,1
llandrindod_wells,1
gretna,1
dulverton,1
egremont,1
emsworth,1
rhosgoch,1
salcombe,1
ashbourne,1
pevensey,1
hythe,1
tring,1
chathill,1
seaton,1
ripon,1
slough,1
ballachulish,1
hungerford,1
cowdenbeath,1
swanscombe,1
east_linton,1
burnley,1
delabole,1
lechlade,1
bishopton,1
shotts,1
brackley,1
evesham,1
penicuik,1
carlisle,1
henfield,1
newport_on_tay,1
duns,1
shanklin,1
billingshurst,1
aberaeron,1
cromarty,1
aberdeen,1
shepton_mallet,1
sutton,1
leatherhead,1
lee_on_the_solent,1
immingham,1
laurencekirk,1
clynderwen,1
harlech,1
leigh_on_sea,1
downpatrick,1
south_brent,1
rickmansworth,1
treorchy,1
kinbrace,1
aylesbury,1
hove,1
whitchurch,1
tadcaster,1
tyn_y_gongl,1
lichfield,1
beith,1
faringdon,1
kidwelly,1
llwyngwril,1
lynton,1
potters_bar,1
keswick,1
moor_row,1
high_peak,1
oldham,1
moelfre,1
lightwater,1
epsom,1
rogart,1
merthyr_tydfil,1
burntisland,1
fortrose,1
hawick,1
chard,1
magherafelt,1
willenhall,1
upminster,1
whitehaven,1
wrexham,1
horncastle,1
mold,1
lancaster,1
lydney,1
tidworth,1
coleford,1
beckermet,1
maybole,1
melksham,1
rowland's_castle,1
brandon,1
west_bromwich,1
dudley,1
swansea,1
north_ferriby,1
dunkeld,1
settle,1
barnetby,1
belper,1
stroud,1
frodsham,1
dunblane,1
pencader,1
stoke_on_trent,1
helensburgh,1
southampton,1
dunbeath,1
matlock,1
wallingford,1
isle_of_colonsay,1
luton,1
walkerburn,1
crumlin,1
aberystwyth,1
auchterarder,1
pitlochry,1
appin,1
bruton,1
markfield,1
newmarket,1
wokingham,1
betchworth,1
thetford,1
somerton,1
swadlincote,1
spalding,1
high_wycombe,1
broadway,1
wemyss_bay,1
alderley_edge,1
henley_in_arden,1
bilston,1
pickering,1
kidderminster,1
llanidloes,1
dromore,1
wirral,1
aldeburgh,1
cumnock,1
ebbw_vale,1
winchelsea,1
morden,1
ballymoney,1
dunbar,1
sheffield,1
horley,1
accrington,1
prestwick,1
borth,1
larkhall,1
talsarnau,1
lydbury_north,1
pontypool,1
isle_of_jura,1
bakewell,1
invergordon,1
edgware,1
gaerwen,1
meifod,1
winscombe,1
warwick,1
llangammarch_wells,1
shefford,1
peacehaven,1
falkirk,1
prescot,1
callington,1
dorchester,1
crediton,1
penryn,1
bridge_of_weir,1
runcorn,1
dorking,1
marlow,1
hexham,1
amersham,1
sunderland,1
tarbert,1
wednesbury,1
wymondham,1
chepstow,1
newry,1
bedale,1
tiverton,1
broxbourne,1
earlston,1
barnard_castle,1
bishops_castle,1
hessle,1
clitheroe,1
harlow,1
grantown_on_spey,1
isle_of_eigg,1
sleaford,1
dagenham,1
holt,1
perranporth,1
ambleside,1
isle_of_coll,1
barton_upon_humber,1
lymm,1
bacup,1
castle_douglas,1
driffield,1
harleston,1
southwell,1
hounslow,1
fareham,1
ulverston,1
ashton_under_lyne,1
llangollen,1
hawes,1
marlborough,1
newtownards,1
gairloch,1
wadhurst,1
mexborough,1
seaham,1
falmouth,1
ellesmere_port,1
bedford,1
selby,1
droitwich,1
kinlochleven,1
maryport,1
clydebank,1
bures,1
arrochar,1
port_isaac,1
cleckheaton,1
calstock,1
thornton_cleveleys,1
crianlarich,1
houghton_le_spring,1
wickford,1
flint,1
deal,1
gatwick,1
irvine,1
king's_lynn,1
st_columb,1
avoch,1
carluke,1
lisburn,1
bedlington,1
huddersfield,1
lincoln,1
newark,1
portstewart,1
chichester,1
lochearnhead,1
llanfyllin,1
macduff,1
uckfield,1
tranent,1
gourock,1
manningtree,1
sherborne,1
latheron,1
wingate,1
cinderford,1
llanfairfechan,1
billingham,1
bonnybridge,1
leyburn,1
canterbury,1
ashby_de_la_zouch,1
isle_of_south_uist,1
arlesey,1
redditch,1
newnham,1
glogue,1
banbury,1
coniston,1
axbridge,1
basildon,1
bromyard,1
saltcoats,1
cemaes_bay,1
dulas,1
montrose,1
pudsey,1
birchington,1
greenford,1
highbridge,1
kirkby_in_furness,1
croydon,1
cirencester,1
inveraray,1
blairgowrie,1
glasgow,1
rushden,1
mirfield,1
bodorgan,1
north_tawton,1
largs,1
newport,1
saffron_walden,1
smethwick,1
cannock,1
kirriemuir,1
llanrhystud,1
malpas,1
saltash,1
wadebridge,1
forres,1
witham,1
thirsk,1
cambridge,1
sandhurst,1
hayle,1
banstead,1
north_walsham,1
burton_on_trent,1
brigg,1
honiton,1
hunstanton,1
arundel,1
new_milton,1
telford,1
isle_of_tiree,1
coldstream,1
cookstown,1
riding_mill,1
newport,1
drybrook,1
braunton,1
ely,1
fairbourne,1
wisbech,1
banff,1
hatfield,1
lairg,1
consett,1
llanybydder,1
dalwhinnie,1
strathaven,1
peterhead,1
presteigne,1
achnasheen,1
rayleigh,1
castlederg,1
sawbridgeworth,1
gravesend,1
port_glasgow,1
derby,1
stevenage,1
inverkeithing,1
sandbach,1
shipston_on_stour,1
beaworthy,1
bellshill,1
westhill,1
mansfield,1
new_tredegar,1
skelmersdale,1
beaminster,1
lampeter,1
pentre,1
camborne,1
ventnor,1
goole,1
halstead,1
hornsea,1
loughton,1
tregaron,1
totnes,1
swindon,1
morecambe,1
grantham,1
leiston,1
tywyn,1
belford,1
penysarn,1
llandysul,1
goodwick,1
hoddesdon,1
pwllheli,1
westcliff_on_sea,1
prestatyn,1
caldicot,1
girvan,1
keith,1
wooler,1
st_helens,1
marianglas,1
staines_upon_thames,1
dursley,1
haddington,1
catterick_garrison,1
ascot,1
tarporley,1
rowley_regis,1
rye,1
ardrossan,1
frizington,1
doune,1
market_harborough,1
bracknell,1
bridgwater,1
narberth,1
hassocks,1
omagh,1
gloucester,1
westbury_on_severn,1
hastings,1
stone,1
verwood,1
isle_of_rum,1
longfield,1
havant,1
tetbury,1
keighley,1
steyning,1
heathfield,1
uxbridge,1
ongar,1
turriff,1
garndolbenmaen,1
lowestoft,1
amlwch,1
dalkeith,1
newquay,1
sidmouth,1
borehamwood,1
hyde,1
betws_y_coed,1
walton_on_thames,1
hinton_st_george,1
llanbedrgoch,1
rosewell,1
felixstowe,1
ilfracombe,1
newcastle_upon_tyne,1
southsea,1
hockley,1
great_yarmouth,1
cardigan,1
barnstaple,1
stranraer,1
alva,1
leven,1
longhope,1
llansanffraid,1
bangor,1
barking,1
truro,1
purfleet,1
llanbedr,1
llandinam,1
nuneaton,1
bromley,1
warminster,1
stevenston,1
bagillt,1
newent,1
pembroke,1
portsmouth,1
christchurch,1
isle_of_arran,1
lytham_st_annes,1
sandy,1
machynlleth,1
alford,1
wellingborough,1
west_calder,1
cowes,1
insch,1
hemel_hempstead,1
holyhead,1
bristol,1
cranleigh,1
jarrow,1
batley,1
midhurst,1
hope_valley,1
aberfeldy,1
knutsford,1
blakeney,1
stonehaven,1
alness,1
wigton,1
penmaenmawr,1
thame,1
hillsborough,1
margate,1
abertillery,1
trimdon_station,1
ystrad_meurig,1
berkeley,1
great_missenden,1
peterlee,1
nairn,1
blandford_forum,1
leeds,1
perth,1
newport,1
stockton_on_tees,1
barmouth,1
boscastle,1
wareham,1
new_romney,1
queenborough,1
blyth,1
sutton_coldfield,1
bath,1
st_albans,1
llanrwst,1
newmilns,1
bideford,1
mountain_ash,1
pathhead,1
boston,1
cardiff,1
st_ives,1
pinner,1
southminster,1
whitby,1
whitland,1
rotherham,1
totland_bay,1
hornchurch,1
newtown,1
altrincham,1
crawley,1
porth,1
bournemouth,1
macclesfield,1
stalybridge,1
tenbury_wells,1
barrow_upon_humber,1
cradley_heath,1
edenbridge,1
kelty,1
redcar,1
ty_croes,1
harpenden,1
brighton,1
corbridge,1
ullapool,1
stonehouse,1
llanfyrnach,1
llanfechain,1
alcester,1
londonderry,1
south_ockendon,1
march,1
new_quay,1
lauder,1
stockport,1
seascale,1
crieff,1
llanymynech,1
blackwood,1
chipping_norton,1
carnoustie,1
spean_bridge,1
eastbourne,1
boncath,1
kilmacolm,1
shetland,1
ammanford,1
carnforth,1
taynuilt,1
sedbergh,1
lockerbie,1
forest_row,1
preston,1
reigate,1
westbury,1
northallerton,1
welshpool,1
oswestry,1
henley_on_thames,1
godstone,1
east_grinstead,1
dymock,1
east_cowes,1
thatcham,1
cupar,1
lasswade,1
llandeilo,1
yarm,1
gateshead,1
downham_market,1
newport_pagnell,1
plymouth,1
saltburn_by_the_sea,1
west_byfleet,1
ross_on_wye,1
caernarfon,1
sheerness,1
ingatestone,1
freshwater,1
longniddry,1
ryton,1
wilmslow,1
calne,1
fleetwood,1
canonbie,1
lyme_regis,1
rochdale,1
warlingham,1
bordon,1
henlow,1
hayes,1
forfar,1
mindrum,1
newbridge,1
welwyn,1
hartlepool,1
billericay,1
ballyclare,1
canvey_island,1
coatbridge,1
craven_arms,1
choppington,1
llanfairpwllgwyngyll,1
beaconsfield,1
paisley,1
hengoed,1
lutterworth,1
jedburgh,1
camelford,1
kinross,1
north_shields,1
strathpeffer,1
teignmouth,1
rugeley,1
broadstone,1
chatteris,1
ludlow,1
wells,1
loanhead,1
dinas_powys,1
ravenglass,1
ryde,1
usk,1
lostwithiel,1
lifton,1
melton_constable,1
torquay,1
watford,1
dalton_in_furness,1
chalfont_st_giles,1
clogher,1
killin,1
kingston_upon_thames,1
newton_stewart,1
woodstock,1
burry_port,1
fairford,1
kingussie,1
newbury,1
moffat,1
brecon,1
whitchurch,1
burntwood,1
corby,1
lyndhurst,1
scarborough,1
tilbury,1
dunoon,1
cottingham,1
guisborough,1
pentraeth,1
dornoch,1
kirkcudbright,1
isle_of_islay,1
castlewellan,1
isle_of_lewis,1
hitchin,1
tewkesbury,1
crymych,1
st_ives,1
letchworth_garden_city,1
shipley,1
shrewsbury,1
aberlour,1
glossop,1
bridgnorth,1
padstow,1
ballycastle,1
moreton_in_marsh,1
whitley_bay,1
st_bees,1
wantage,1
brighouse,1
cramlington,1
callander,1
maidenhead,1
uttoxeter,1
mallaig,1
bolton,1
llandovery,1
shepperton,1
bewdley,1
northolt,1
bushey,1
tenby,1
coventry,1
isle_of_gigha,1
waltham_abbey,1
bathgate,1
woolacombe,1
bridgend,1
menai_bridge,1
roy_bridge,1
wishaw,1
porthmadog,1
scunthorpe,1
juniper_green,1
northwood,1
bushmills,1
lanark,1
bradford,1
east_molesey,1
caerphilly,1
kilwinning,1
rochester,1
balerno,1
chester_le_street,1
ellon,1
fishguard,1
abergele,1
farnborough,1
bamburgh,1
burnham_on_crouch,1
woking,1
worcester,1
ballater,1
limavady,1
martock,1
dolgellau,1
lymington,1
northwich,1
penzance,1
llandudno,1
cleator,1
isle_of_barra,1
grangemouth,1
alresford,1
craigavon,1
kings_langley,1
kilmarnock,1
talybont,1
nantwich,1
tonypandy,1
ashington,1
llanbrynmair,1
bury,1
newton_aycliffe,1
sale,1
tunbridge_wells,1
cheltenham,1
innerleithen,1
llanarth,1
banchory,1
pontyclun,1
widnes,1
denbigh,1
llanwrda,1
sevenoaks,1
guildford,1
middlewich,1
prudhoe,1
baldock,1
witney,1
bangor,1
shildon,1
alnwick,1
hartfield,1
poulton_le_fylde,1
darvel,1
bonnyrigg,1
llanwrtyd_wells,1
folkestone,1
rochford,1
lydbrook,1
dalry,1
deeside,1
burnham_on_sea,1
crickhowell,1
redruth,1
banwell,1
fivemiletown,1
sittingbourne,1
trefriw,1
stromness,1
arbroath,1
aberdare,1
haverfordwest,1
st_asaph,1
blackpool,1
etchingham,1
blackburn,1
gillingham,1
troon,1
watchet,1
ipswich,1
romney_marsh,1
dronfield,1
horsham,1
burford,1
woodbridge,1
york,1
fraserburgh,1
neston,1
ramsgate,1
stoke_sub_hamdon,1
frinton_on_sea,1
stirling,1
chorley,1
radstock,1
ripley,1
merriott,1
st_austell,1
campbeltown,1
bootle,1
badminton,1
strabane,1
biggar,1
fleet,1
broadstairs,1
coleraine,1
leicester,1
newcastle,1
seaford,1
llanon,1
stanley,1
isle_of_canna,1
annan,1
st_agnes,1
ashtead,1
millom,1
cwmbran,1
stowmarket,1
iver,1
isle_of_cumbrae,1
marazion,1
kirkliston,1
fowey,1
kidlington,1
petersfield,1
cornhill_on_tweed,1
diss,1
grimsby,1
oakham,1
port_talbot,1
knighton,1
llandudno_junction,1
launceston,1
liverpool,1
seahouses,1
epping,1
gainsborough,1
salisbury,1
kilgetty,1
sanquhar,1
wigston,1
larne,1
ossett,1
beaumaris,1
bishop's_stortford,1
fakenham,1
bexley,1
maesteg,1
london,1
newbiggin_by_the_sea,1
tenterden,1
attleborough,1
leyland,1
dalmally,1
fort_william,1
bourne,1
tadley,1
barnsley,1
alexandria,1
eastleigh,1
skipton,1
hayling_island,1
liphook,1
seaview,1
ware,1
ledbury,1
lochgelly,1
dartmouth,1
crewkerne,1
holmfirth,1
axminster,1
west_kilbride,1
castle_cary,1
talybont,1
stansted,1
washington,1
holywell,1
elgin,1
liskeard,1
dereham,1
tavistock,1
holsworthy,1
dundee,1
harrogate,1
ballynahinch,1
southam,1
middlesbrough,1
newcastleton,1
melton_mowbray,1
st_neots,1
leigh,1
budleigh_salterton,1
carterton,1
newhaven,1
ballindalloch,1
llanelli,1
wellington,1
beauly,1
oban,1
rowlands_gill,1
dukinfield,1
halifax,1
corwen,1
menstrie,1
barnoldswick,1
haslemere,1
tonbridge,1
augher,1
braintree,1
bodmin,1
camberley,1
newtonmore,1
winsford,1
dollar,1
westerham,1
ferndown,1
waterlooville,1
ballymena,1
bury_st_edmunds,1
currie,1
sandown,1
oldbury,1
aviemore,1
brockenhurst,1
ilkeston,1
bembridge,1
malmesbury,1
church_stretton,1
leek,1
mayfield,1
swanley,1
buckley,1
hull,1
richmond,1
aboyne,1
broxburn,1
kirknewton,1
southwold,1
leamington_spa,1
south_petherton,1
carmarthen,1
sandwich,1
bargoed,1
brora,1
musselburgh,1
berwick_upon_tweed,1
clacton_on_sea,1
neath,1
romsey,1
holmrook,1
stockbridge,1
huntingdon,1
cleator_moor,1
par,1
cockermouth,1
alfreton,1
brynteg,1
dumfries,1
dunstable,1
lingfield,1
st_andrews,1
stourbridge,1
leighton_buzzard,1
stanford_le_hope,1
newport,1
abergavenny,1
stourport_on_severn,1
esher,1
greenhithe,1
porthcawl,1
saxmundham,1
builth_wells,1
isle_of_mull,1
birkenhead,1
kettering,1
sudbury,1
wimborne,1
skegness,1
clevedon,1
ilkley,1
reading,1
east_boldon,1
malvern,1
market_rasen,1
crewe,1
newcastle,1
retford,1
chippenham,1
lancing,1
invergarry,1
winchester,1
bromsgrove,1
ruthin,1
isle_of_harris,1
much_wenlock,1
woodhall_spa,1
gillingham,1
plockton,1
filey,1
polegate,1
dumbarton,1
alston,1
boldon_colliery,1
littlehampton,1
bedworth,1
exmouth,1
hebden_bridge,1
fochabers,1
airdrie,1
aldershot,1
oxted,1
minehead,1
barry,1
kirkcaldy,1
trowbridge,1
robertsbridge,1
isle_of_iona,1
buntingford,1
sutton_in_ashfield,1
swaffham,1
basingstoke,1
enfield,1
olney,1
conwy,1
dartford,1
linlithgow,1
chulmleigh,1
portland,1
loughborough,1
wakefield,1
cairndow,1
cobham,1
colyton,1
inverurie,1
kirkwall,1
kyle,1
petworth,1
caersws,1
montacute,1
kingsbridge,1
greenock,1
sandringham,1
blaenau_ffestiniog,1
aylesford,1
pershore,1
south_queensferry,1
stratford_upon_avon,1
ellesmere,1
addlestone,1
broughton_in_furness,1
hereford,1
spennymoor,1
shifnal,1
strome_ferry,1
glenfinnan,1
windsor,1
yeovil,1
erskine,1
mauchline,1
stamford,1
berkhamsted,1
beccles,1
broseley,1
llangadog,1
hebburn,1
langholm,1
clackmannan,1
pembroke_dock,1
boat_of_garten,1
edinburgh,1
darwen,1
kilbirnie,1
orkney,1
chatham,1
kingswinford,1
manchester,1
skelmorlie,1
morpeth,1
solihull,1
barnet,1
richmond,1
kendal,1
virginia_water,1
caterham,1
strathcarron,1
dolwyddelan,1
st_leonards_on_sea,1
buxton,1
ringwood,1
roslin,1
tamworth,1
hinckley,1
windlesham,1
west_molesey,1
wotton_under_edge,1
corsham,1
harrow,1
bingley,1
glastonbury,1
south_molton,1
taunton,1
halesworth,1
haltwhistle,1
rugby,1
tipton,1
prestonpans,1
prenton,1
selkirk,1
brierley_hill,1
mablethorpe,1
beverley,1
radlett,1
garve,1
cromer,1
enniskillen,1
kington,1
templecombe,1
barrow_in_furness,1
bridge_of_orchy,1
corrour,1
dingwall,1
andover,1
muir_of_ord,1
towcester,1
knottingley,1
torrington,1
sheringham,1
weymouth,1
clarbeston_road,1
alloa,1
antrim,1
rhyl,1
lewes,1
mitcheldean,1
glenrothes,1
golspie,1
newcastle_emlyn,1
lybster,1
buckfastleigh,1
egham,1
milton_keynes,1
grange_over_sands,1
llannerch_y_medd,1
royston,1
market_drayton,1
darlington,1
swanage,1
chesham,1
north_berwick,1
oxford,1
strathdon,1
treharris,1
wigan,1
thurso,1
livingston,1
otley,1
walsingham,1
biggleswade,1
milnthorpe,1
rhayader,1
hamilton,1
yateley,1
colchester,1
walsall,1
brough,1
saundersfoot,1
exeter,1
cockburnspath,1
ruardean,1
castleford,1
dunfermline,1
torpoint,1
burgess_hill,1
norwich,1
princes_risborough,1
llantwit_major,1
kelso,1
caledon,1
munlochy,1
poole,1
shaftesbury,1
bow_street,1
gerrards_cross,1
southend_on_sea,1
acharacle,1
warrington,1
isle_of_north_uist,1
congleton,1
milltimber,1
ulceby,1
chertsey,1
gordon,1
tighnabruaich,1
pewsey,1
gullane,1
langport,1
newton_le_willows,1
pontypridd,1
brixham,1
hertford,1
westgate_on_sea,1
brampton,1
ruislip,1
ashford,1
coalville,1
nelson,1
portrush,1
wincanton,1
gunnislake,1
littleborough,1
bradford_on_avon,1
fordingbridge,1
okehampton,1
bourne_end,1
northampton,1
penrhyndeudraeth,1
knebworth,1
melrose,1
fort_augustus,1
helston,1
lochailort,1
motherwell,1
carrbridge,1
umberleigh,1
bridlington,1
liss,1
looe,1
dawlish,1
ormskirk,1
farnham,1
monmouth,1
stanmore,1
buckhurst_hill,1
chester,1
buckie,1
tayport,1
rossendale,1
wick,1
tillicoultry,1
brechin,1
pontefract,1
herne_bay,1
renfrew,1
criccieth,1
dyffryn_ardudwy,1
bicester,1
isle_of_scalpay,1
liversedge,1
lochgilphead,1
alton,1
atherstone,1
donaghadee,1
sowerby_bridge,1
battle,1
bampton,1
cranbrook,1
forsinard,1
tredegar,1
bognor_regis,1
heywood,1
anstruther,1
blaydon_on_tyne,1
tain,1
yarmouth,1
arisaig,1
bucknell,1
spilsby,1
peterculter,1
maidstone,1
ibstock,1
isle_of_benbecula,1
aberdovey,1
stocksfield,1
montgomery,1
snodland,1
salford,1
surbiton,1
hailsham,1
west_linton,1
dover,1
dungannon,1
whitstable,1
welwyn_garden_city,1
malton,1
chesterfield,1
johnstone,1
abingdon,1
halkirk,1
banbridge,1
worthing,1
sturminster_newton,1
godalming,1
isle_of_skye,1
watlington,1
louth,1
crowthorne,1
inverness,1
belfast,1
colintraive,1
chelmsford,1
weybridge,1
wedmore,1
yelverton,1
newtownabbey,1
cowbridge,1
ayr,1
grays,1
leominster,1
llangefni,1
lynmouth,1
wallsend,1
abbots_langley,1
arthog,1
halesowen,1
berriedale,1
west_malling,1
humbie,1
cullompton,1
haywards_heath,1
colwyn_bay,1
winkleigh,1
chinnor,1
wolverhampton,1
daventry,1
didcot,1
much_hadham,1
penarth,1
cheadle,1
benfleet,1
durham,1
ilminster,1
penrith,1
colne,1
nottingham,1
ardgay,1
pulborough,1
bo'ness,1
ferryside,1
galston,1
ferndale,1
thames_ditton,1
denny,1
wallasey,1
buckingham,1
bishop_auckland,1
devizes,1
todmorden,1
windermere,1
crowborough,1
wetherby,1
crook,1
southport,1
cleethorpes,1
studley,1
bagshot,1
helmsdale,1
brentwood,1
redhill,1
ferryhill,1
chipping_campden,1
gorebridge,1
doncaster,1
heanor,1
heriot,1
holywood,1
street,1
walton_on_the_naze,1
dalbeattie,1
kenilworth,1
y_felinheli,1
bungay,1
heckmondwike,1
milford_haven,1
newton_abbot,1
chigwell,1
eyemouth,1
paignton,1
haverhill,1
maghera,1
nethy_bridge,1
aughnacloy,1
galashiels,1