a'_chill,1
ab_kettleby,1
ab_lench,1
abaty_cwm-hir,1
abbas_combe,1
abberley,1
abberton,1
abbess_end,1
abbess_roding,1
abbey,1
abbey_craig,1
abbey_dore,1
abbey_field,1
abbey_gate,1
abbey_green,1
abbey_hey,1
abbey_hulton,1
abbey_mead,1
abbey_parks,1
abbey_st_bathans,1
abbey_village,1
abbey_wood,1
abbey_yard,1
abbey-cwm-hir,1
abbeydale,1
abbeydale_park,1
abbeyhill,1
abbeystead,1
abbeytown,1
abbots_bickington,1
abbots_bromley,1
abbots_langley,1
abbots_leigh,1
abbot's_meads,1
abbots_morton,1
abbots_ripton,1
abbot's_salford,1
abbots_worthy,1
abbotsbury,1
abbotsford,1
abbotsham,1
abbotskerswell,1
abbotsleigh,1
abbotsley,1
abbotstone,1
abbotswood,1
abbotts_ann,1
abcott,1
abdon,1
abdy,1
aber,1
aber_arad,1
aber_cegir,1
aber_clydach,1
aber_pwll,1
aber_village,1
aberaeron,1
aberafan,1
aberaman,1
aberangell,1
aberarad,1
aber-arad,1
aberarder,1
aberargie,1
aberarth,1
aber-arth,1
aberavon,1
aberbaiden,1
aber-banc,1
aberbargod,1
aberbargoed,1
aberbechan,1
aberbeeg,1
aber-big,1
aberbran,1
abercanaid,1
abercannaid,1
abercarn,1
aber-carn,1
abercastell,1
abercastle,1
aber-castle,1
abercegir,1
aber-cegir,1
abercegyr,1
aberchalder,1
aberchirder,1
abercorn,1
abercorris,1
abercraf,1
aber-craf,1
abercregan,1
abercrombie,1
aber-cuch,1
abercwmboi,1
abercych,1
abercynffig,1
abercynon,1
abercywarch,1
aber-cywarch,1
aberdalgie,1
aberdar,1
aberdare,1
aberdaron,1
aberdaugleddau,1
aberdaugleddyf,1
aberddawan,1
aberdeen,1
aberdesach,1
aberdour,1
aberdovey,1
aber-duar,1
aberdulais,1
aberdyar,1
aberdyfi,1
aberedw,1
abereiddi,1
abereiddy,1
aber-eiddy,1
abererch,1
aber-erch,1
aberfan,1
aber-fan,1
aberfeldy,1
aberffraw,1
aberffro,1
aberffrwd,1
aber-ffrwd,1
aberford,1
aberfoyle,1
abergarw,1
abergarwed,1
aber-garwed,1
abergavenny,1
abergele,1
abergiar,1
aber-giar,1
aberglasney,1
abergorlech,1
abergwaun,1
abergwesyn,1
abergwili,1
abergwngu,1
abergwynfi,1
abergwyngiegyn,1
abergynolwyn,1
aberhalen,1
aberhonddu,1
aberhosan,1
aberkenfig,1
aberlady,1
aberlash,1
aberlemno,1
aberlerry,1
aberllefenni,1
aberllynfi,1
abermagwr,1
aber-magwr,1
abermaw,1
abermeurig,1
aber-miwl,1
abermo,1
abermorddu,1
abermule,1
abernant,1
aber-nant,1
abernethy,1
abernyte,1
aber-oer,1
aberogwr,1
aberpennar,1
aberpergwm,1
aber-pergwm,1
aberporth,1
aber-porth,1
aberpwll,1
aber-rhaeadr,1
aberriw,1
abersoch,1
aber-soch,1
abersychan,1
abertawe,1
aberteifi,1
aberteleri,1
aberthaw,1
aberthin,1
abertillery,1
abertridwr,1
abertrinant,1
abertyleri,1
abertysswg,1
aberuthven,1
aberyscir,1
aberysgir,1
aberystwyth,1
abhainn_suidhe,1
abingdon,1
abinger_common,1
abinger_hammer,1
abington,1
abington_pigotts,1
abington_vale,1
abingworth,1
ablington,1
abney,1
aboyne,1
abraham_heights,1
abram,1
abram_brow,1
abriachan,1
abridge,1
abronhill,1
abshot,1
abson,1
abthorpe,1
abune-the-hill,1
aby,1
acarsaid,1
acaster_malbis,1
acaster_selby,1
accrington,1
acha,1
acha_mor,1
achachork,1
achahoish,1
achaleven,1
achalone,1
ach'an_todhair,1
achanamara,1
achanelid,1
achaphubuil,1
acharacle,1
achargary,1
acharn,1
achavandra_muir,1
achddu,1
achfary,1
achfrish,1
achgarve,1
achiemore,1
achiltibuie,1
achina,1
achinahuagh,1
achindarroch,1
achininver,1
achintee,1
achintraid,1
achleck,1
achluachrach,1
achlyness,1
achmelvich,1
achmore,1
achnacarnin,1
achnacarry,1
achnacloich,1
achnacroish,1
achnaha,1
achnahanat,1
achnahannet,1
achnahard,1
achnairn,1
achnasheen,1
achosnich,1
achreamie,1
achriesgill,1
achrimsdale,1
achtalean,1
achterneed,1
achtoty,1
achurch,1
achuvoldrach,1
ackenthwaite,1
ackergill,1
acklam,1
ackleton,1
acklington,1
ackton,1
ackworth_moor_top,1
ackworth,1
acle,1
acock's_green,1
acol,1
acomb,1
acre,1
acre_lea,1
acrefair,1
acre-fair,1
acres_nook,1
acton,1
acton_beauchamp,1
acton_bridge,1
acton_burnell,1
acton_green,1
acton_pigott,1
acton_place,1
acton_reynald,1
acton_round,1
acton_scott,1
acton_trussell,1
acton_turville,1
adabroc,1
adabrock,1
adambrae,1
adam's_green,1
adbaston,1
adber,1
adbolton,1
adderbury,1
adderley,1
adderley_green,1
addiebrownhill,1
addiewell,1
addingham,1
addingham_moorside,1
addington,1
addinston,1
addiscombe,1
addison,1
addlestone,1
addlestonemoor,1
addlethorpe,1
adel,1
adel_east_moor,1
adeney,1
adeyfield,1
adfa,1
adforton,1
adgestone,1
adisham,1
adlestrop,1
adlingfleet,1
adlington,1
adlington_park,1
admaston,1
admington,1
adpar,1
adsborough,1
adscombe,1
adstock,1
adstone,1
adswood,1
adversane,1
advie,1
adwalton,1
adwell,1
adwick_le_street,1
adwick_upon_dearne,1
adwyr,1
ae,1
affcot,1
affetside,1
affleck,1
affpuddle,1
afon_eitha,1
afon_wen,1
afon-wen,1
afton,1
agar_nook,1
agbrigg,1
aggborough,1
agglethorpe,1
aglionby,1
aifft,1
aigburth,1
aike,1
aiketgate,1
aikton,1
ailby,1
ailstone,1
ailsworth,1
aimes_green,1
ainderby_quernhow,1
ainderby_steeple,1
aingers_green,1
ainley_top,1
ainsdale,1
ainsdale-on-sea,1
ainstable,1
ainsworth,1
ainthorpe,1
aintree,1
aird,1
aird_a_mhachair,1
aird_a'_mhulaidh,1
aird_adhanais,1
aird_asaig,1
aird_choinnich,1
aird_dell,1
aird_dhail,1
aird_heisgeir,1
aird_mhidhinis,1
aird_mhighe,1
aird_mhor,1
aird_na_monadh,1
aird_nan_struban,1
aird_of_sleat,1
aird_ruairidh,1
aird_shleibhe,1
aird_thunga,1
aird_uig,1
airdens,1
airdrie,1
airdtorrisdale,1
aire_view,1
airedale,1
aireworth,1
airidh_a_bhruaich,1
airlie,1
airmyn,1
airntully,1
airor,1
airth,1
airthrey_castle,1
airton,1
airy_hill,1
aisby,1
aisgernis,1
aish,1
aisholt,1
aiskew,1
aislaby,1
aisthorpe,1
aith,1
aithnen,1
aithsetter,1
akeld,1
akeley,1
akenham,1
akroydon,1
albany,1
albany_park,1
alberbury,1
albert_town,1
albert_village,1
albion,1
albourne,1
albourne_green,1
albrighton,1
albro,1
albro_castle,1
alburgh,1
albury,1
albury_end,1
albury_heath,1
alby_hill,1
albyfield,1
alcaig,1
alcaston,1
alcester,1
alcester_lane's_end,1
alciston,1
alcombe,1
alconbury,1
alconbury_weston,1
aldborough,1
aldborough_hatch,1
aldbourne,1
aldbrough,1
aldbrough_st_john,1
aldbury,1
aldcliffe,1
aldclune,1
aldeburgh,1
aldeby,1
aldenham,1
alder_forest,1
alder_moor,1
alder_root,1
alder_row,1
alderbury,1
aldercar,1
alderford,1
alderholt,1
alderley,1
alderley_edge,1
alderman's_green,1
aldermaston,1
aldermaston_soke,1
aldermaston_wharf,1
alderminster,1
aldermoor,1
alderney,1
alder's_end,1
alders,1
aldersbrook,1
aldersey_green,1
aldersgate,1
aldershawe,1
aldershot,1
aldersley,1
alderston,1
alderton,1
alderton_fields,1
alderwasley,1
aldfield,1
aldford,1
aldgate,1
aldham,1
aldingbourne,1
aldingham,1
aldington,1
aldington_frith,1
aldon,1
aldoth,1
aldreth,1
aldridge,1
aldringham,1
aldrington,1
aldsworth,1
aldwark,1
aldwarke,1
aldwick,1
aldwincle,1
aldworth,1
aldwych,1
ale_oak,1
alexandra_park,1
alexandria,1
aley,1
aley_green,1
alfardisworthy,1
alfington,1
alfold,1
alfold_bars,1
alfold_crossways,1
alford,1
alfred's_well,1
alfreton,1
alfrick,1
alfrick_pound,1
alfriston,1
algakirk,1
alhampton,1
alisary,1
alkborough,1
alkerton,1
alkham,1
alkington,1
alkmonton,1
alkrington,1
alkrington_garden_village,1
all_cannings,1
all_saints,1
all_saints_south_elmham,1
all_stretton,1
allaleigh,1
allanaquoich,1
allanbank,1
allandale,1
allanshaugh,1
allanshaws,1
allanton,1
allasdale,1
allaston,1
allathasdal,1
allbrook,1
allen_end,1
allendale_town,1
allenheads,1
allen's_green,1
allensford,1
allensmore,1
allenton,1
allenwood,1
aller,1
aller_grove,1
aller_park,1
allerby,1
allercombe,1
allerdene,1
allerford,1
allerston,1
allerthorpe,1
allerton,1
allerton_bywater,1
allerton_mauleverer,1
allesley,1
allestree,1
allet,1
allexton,1
alley,1
allgreave,1
allhallows,1
allhallows-on-sea,1
alligin_shuas,1
allimore_green,1
allington,1
allington_bar,1
allithwaite,1
alloa,1
allonby,1
allostock,1
allotment,1
alloway,1
allowenshay,1
allscot,1
allscott,1
allt,1
allt_goch,1
allt_melyd,1
alltami,1
alltmawr,1
allt-mawr,1
alltour,1
alltsigh,1
alltwalis,1
alltwen,1
allt-wen,1
alltyblaca,1
alltyblacca,1
allt-y-goed,1
allt-y-grug,1
allt-y-main,1
allt-yr-yn,1
allwood_green,1
alma,1
almagill,1
almeley,1
almeley_wooton,1
almer,1
almholme,1
almington,1
alminstone_cross,1
almondbank,1
almondbury,1
almondbury_common,1
almondsbury,1
almondvale,1
almshoe,1
almshouse_green,1
alne,1
alne_end,1
alne_hills,1
alne_station,1
alness,1
alnessferry,1
alnham,1
alnmouth,1
alnwick,1
alnwickhill,1
alperton,1
alphamstone,1
alpheton,1
alphington,1
alpington,1
alport,1
alpraham,1
alresford,1
alrewas,1
alsager,1
alsagers_bank,1
alscot,1
alsop_en_le_dale,1
alston,1
alston_sutton,1
alstone,1
alstonefield,1
alswear,1
alt,1
alt_hill,1
altarnun,1
altass,1
altbough,1
altcar,1
altens,1
altham,1
althorne,1
althorpe,1
altmore,1
altnaharra,1
altofts,1
alton,1
alton_barnes,1
alton_pancras,1
alton_priors,1
altonhill,1
altrincham,1
altskeith,1
alum_rock,1
alva,1
alvanley,1
alvaston,1
alvechurch,1
alvecote,1
alvediston,1
alveley,1
alverdiscott,1
alverstoke,1
alverstone,1
alverthorpe,1
alverton,1
alves,1
alvescot,1
alveston,1
alveston_down,1
alveston_hill,1
alvie,1
alvingham,1
alvington,1
alwalton,1
alway,1
alweston,1
alwington,1
alwinton,1
alwoodley,1
alwoodley_gates,1
alwoodley_park,1
alyth,1
am_baile,1
amalebra,1
amalveor,1
amatnatua,1
ambaston,1
amberley,1
ambersham,1
amble,1
amblecote,1
ambler_thorn,1
ambleside,1
ambleston,1
ambrosden,1
amcotts,1
amen_corner,1
america_moor,1
amersham,1
amersham_common,1
amersham_old_town,1
amersham_on_the_hill,1
amerton,1
amesbury,1
ameysford,1
amhuinnsuidhe,1
amington,1
amisfield,1
amlwch,1
amlwch_port,1
ammanford,1
ammerham,1
amotherby,1
ampfield,1
ampleforth,1
ampney_crucis,1
ampney_st_mary,1
ampney_st_peter,1
amport,1
ampthill,1
ampton,1
amroth,1
amulree,1
amwell,1
an_cnoc,1
an_gleann_ur,1
an_leth_meadhanach,1
an_t-ob,1
anagach,1
anaheilt,1
anancaun,1
ancaster,1
anchor,1
anchor_corner,1
anchor_street,1
anchorage_park,1
anchorsholme,1
ancient_druid,1
ancoats,1
ancroft,1
ancroft_northmoor,1
ancrum,1
ancton,1
ancumtoun,1
anderby,1
anderby_creek,1
andersea,1
andersfield,1
anderson,1
anderston,1
anderton,1
andertons_mill,1
andover,1
andover_down,1
andoversford,1
andwell,1
anelog,1
anerley,1
anfield,1
angarrack,1
angarrick,1
angelbank,1
angell_town,1
angersleigh,1
angerton,1
angle,1
angmering,1
angram,1
anick,1
ankerdine_hill,1
anlaby,1
anlaby_park,1
anmer,1
anmore,1
ann,1
anna_valley,1
annan,1
annaside,1
annat,1
annathill,1
annbank,1
annesley,1
annesley_woodhouse,1
annfield_plain,1
annick_water,1
anniesland,1
annis_hill,1
annishader,1
annitsford,1
annochie,1
ann's_hill,1
annscroft,1
annwell_place,1
ansdell,1
ansells_end,1
ansford,1
ansley,1
ansley_common,1
anslow,1
anslow_gate,1
ansteadbrook,1
anstey,1
anston,1
anstruther_easter,1
anstruther_wester,1
ansty,1
ansty_coombe,1
ansty_cross,1
anthill_common,1
anthony,1
anthony_fold,1
anthony's_cross,1
anthorn,1
antingham,1
anton,1
anton's_gowt,1
antonshill,1
antony_passage,1
antrobus,1
anvil_green,1
anvilles,1
anwick,1
anwoth,1
aonachan,1
apedale,1
aperfield,1
apes_dale,1
apethorpe,1
apeton,1
apley,1
apley_forge,1
apperknowle,1
apperley,1
apperley_bridge,1
apperley_dene,1
appersett,1
appin,1
appleby,1
appleby_magna,1
appleby_parva,1
appleby-in-westmorland,1
applecross,1
appledore,1
appledore_heath,1
appleford,1
applegarthtown,1
applehouse_hill,1
applemore,1
appleshaw,1
applethwaite,1
appleton,1
appleton_park,1
appleton_roebuck,1
appleton_thorn,1
appleton_wiske,1
appleton-le-moors,1
appleton-le-street,1
appletreehall,1
appletreewick,1
appley,1
appley_bridge,1
apse_heath,1
apsey_green,1
apsley,1
apsley_end,1
apuldram,1
aqueduct,1
aquhythie,1
arabella,1
arberth,1
arbirlot,1
arboll,1
arboretum,1
arborfield,1
arborfield_cross,1
arborfield_garrison,1
arbourthorne,1
arbourthorne_estate,1
arbroath,1
arbury,1
arbuthnott,1
archdeacon_newton,1
archenfield,1
archiestown,1
arclid,1
arclid_green,1
ardachu,1
ardalanish,1
ardallie,1
ardanaiseig,1
ardaneaskan,1
ardarroch,1
ardbeg,1
ardchonnell,1
ardchronie,1
ardchullarie_more,1
ardchyle,1
arddleen,1
ardd-lin,1
ardeley,1
ardelve,1
arden,1
ardendrain,1
ardens_grafton,1
ardentallen,1
ardentinny,1
ardeonaig,1
ardersier,1
ardery,1
ardessie,1
ardfern,1
ardfernal,1
ardgartan,1
ardgay,1
ardgayhill,1
ardharnich,1
ardhasaig,1
ardheisker,1
ardheslaig,1
ardifuir,1
ardinamir,1
ardindrean,1
ardingly,1
ardington,1
ardington_wick,1
ardintoul,1
ardivachar,1
ardkenneth,1
ardlawhill,1
ardleigh,1
ardleigh_green,1
ardleigh_heath,1
ardler,1
ardley,1
ardley_end,1
ardlui,1
ardmair,1
ardmenish,1
ardmhor,1
ardminish,1
ardmolich,1
ardmore,1
ardnadam,1
ardnaff,1
ardnagoine,1
ardnagrask,1
ardnamonie,1
ardnastang,1
ardnastruban,1
ardo,1
ardoch,1
ardonald,1
ardoyne,1
ardpeaton,1
ardrishaig,1
ardroag,1
ardroil,1
ardross,1
ardrossan,1
ardshealach,1
ardskenish,1
ardslave,1
ardsley,1
ardtalnaig,1
ardteaginish,1
ardtoe,1
ardtun,1
arduaine,1
ardullie,1
ardvannie,1
ardvasar,1
ardveenish,1
ardverikie,1
ardvey,1
ardvourlie,1
ardwell,1
ardwick,1
arean,1
areley_kings,1
arford,1
argoed,1
argos_hill,1
aridhglas,1
arinacrinachd,1
arinagour,1
arisaig,1
ariundle,1
arivegaig,1
arivruaich,1
arkendale,1
arkesden,1
arkholme,1
arkle_town,1
arkleby,1
arkleton,1
arkley,1
arksey,1
arkwright_town,1
arle,1
arlebrook,1
arlecdon,1
arlescote,1
arlesey,1
arleston,1
arley,1
arley_green,1
arlingham,1
arlington,1
arlington_beccott,1
armadale,1
armathwaite,1
armigers,1
arminghall,1
armitage,1
armitage_bridge,1
armley,1
arms,1
armscote,1
armsdale,1
armshead,1
armston,1
armthorpe,1
arnaby,1
arncliffe,1
arncott,1
arncroach,1
arne,1
arnesby,1
arnisdale,1
arnish,1
arniston,1
arnol,1
arnold,1
arno's_vale,1
arnothill,1
arnprior,1
arnside,1
arowry,1
arpafeelie,1
arpinge,1
arrad_foot,1
arram,1
arrathorne,1
arreton,1
arrington,1
arrochar,1
arrow,1
arrow_green,1
arrowe_hill,1
arrowe_park,1
arrowfield_top,1
arrunden,1
arscott,1
artafallie,1
arthill,1
arthington,1
arthingworth,1
arthog,1
arthrath,1
arthurlie,1
arthur's_hill,1
arthursdale,1
artington,1
arundel,1
as_fawr,1
asby,1
ascog,1
ascot,1
ascott,1
ascott_d'_oyley,1
ascott_earl,1
ascott-under-wychwood,1
ascreavie,1
asenby,1
asfordby,1
asfordby_hill,1
asgarby,1
ash,1
ash_bank,1
ash_green,1
ash_grove,1
ash_hill,1
ash_magna,1
ash_mill,1
ash_moor,1
ash_parva,1
ash_priors,1
ash_street,1
ash_thomas,1
ash_vale,1
ashaig,1
ashampstead,1
ashampstead_green,1
ashbank,1
ashbeer,1
ashbocking,1
ashbourne,1
ashbrittle,1
ashbrook,1
ashburnham_forge,1
ashburton,1
ashbury,1
ashby,1
ashby_by_partney,1
ashby_cum_fenby,1
ashby_de_la_launde,1
ashby_folville,1
ashby_hill,1
ashby_magna,1
ashby_parva,1
ashby_puerorum,1
ashby_st_ledgers,1
ashby_st_mary,1
ashby-de-la-zouch,1
ashchurch,1
ashcombe,1
ashcombe_park,1
ashcott,1
ashcott_corner,1
ashculme,1
ashdon,1
ashe,1
asheldham,1
ashen,1
ashendon,1
ashenhurst,1
asheridge,1
ashey,1
ashfield,1
ashfield_cum_thorpe,1
ashfield_green,1
ashfields,1
ashfold_crossway,1
ashfold_side,1
ashford,1
ashford_bowdler,1
ashford_carbonell,1
ashford_common,1
ashford_hill,1
ashford_in_the_water,1
ashgate,1
ashgill,1
ashgrove,1
ashiestiel,1
ashill,1
ashingdon,1
ashington,1
ashington_end,1
ashkirk,1
ashlett,1
ashleworth,1
ashley,1
ashley_clinton,1
ashley_dale,1
ashley_down,1
ashley_green,1
ashley_heath,1
ashley_moor,1
ashley_park,1
ashling,1
ashmanhaugh,1
ashmansworthy,1
ashmead_green,1
ashmill,1
ashmore,1
ashmore_green,1
ashmore_lake,1
ashmore_park,1
ashopton,1
ashorne,1
ashover,1
ashover_hay,1
ashow,1
ashperton,1
ashprington,1
ashreigney,1
ashridge_court,1
ashtead,1
ashton,1
ashton_common,1
ashton_gate,1
ashton_green,1
ashton_keynes,1
ashton_moss,1
ashton_under_hill,1
ashton_upon_mersey,1
ashton_vale,1
ashton-in-makerfield,1
ashton's_green,1
ashton-under-lyne,1
ashurst,1
ashurst_bridge,1
ashurst_wood,1
ashvale,1
ashwater,1
ashwell,1
ashwell_end,1
ashwellthorpe,1
ashwick,1
ashwicken,1
ashwood,1
askam_in_furness,1
askern,1
askernish,1
askerswell,1
askerton_hill,1
askett,1
askham,1
askham_bryan,1
askham_richard,1
asknish,1
askomill,1
askrigg,1
askwith,1
aslackby,1
aslacton,1
aslockton,1
asmansworth,1
asney,1
aspall,1
aspatria,1
aspenden,1
asperton,1
aspley,1
aspley_guise,1
aspley_heath,1
aspull,1
aspull_common,1
assater,1
asselby,1
assendon,1
asserby,1
asserby_turn,1
assington,1
assington_green,1
astbury,1
astcote,1
asterby,1
asterley,1
asterton,1
asthall,1
asthall_leigh,1
astle,1
astley,1
astley_abbotts,1
astley_bridge,1
astley_cross,1
astley_green,1
astmoor,1
aston,1
aston_abbotts,1
aston_bank,1
aston_blank,1
aston_botterell,1
aston_cantlow,1
aston_clinton,1
aston_crews,1
aston_cross,1
aston_end,1
aston_eyre,1
aston_fields,1
aston_flamville,1
aston_heath,1
aston_ingham,1
aston_juxta_mondrum,1
aston_le_walls,1
aston_magna,1
aston_munslow,1
aston_new_town,1
aston_on_carrant,1
aston_on_clun,1
aston_pigott,1
aston_rogers,1
aston_rowant,1
aston_sandford,1
aston_somerville,1
aston_sq,1
aston_subedge,1
aston_tirrold,1
aston_upthorpe,1
aston-by-stone,1
aston-on-trent,1
astrop,1
astrope,1
astwick,1
astwith,1
astwood,1
astwood_bank,1
aswarby,1
aswardby,1
atch_lench,1
atcham,1
athelhampton,1
athelington,1
athelney,1
athelstaneford,1
atherfield_green,1
atherfield,1
atherington,1
athersley_north,1
athersley_south,1
atherstone,1
atherstone_on_stour,1
atherton,1
atkinson_hill,1
atlow,1
atpar,1
atrim,1
attadale,1
attenborough,1
atterbury,1
atterby,1
attercliffe,1
attercliffe_hill_top,1
atterley,1
atterton,1
attleborough,1
attlebridge,1
attleton_green,1
atwick,1
atworth,1
auberrow,1
aubourn,1
auchattie,1
auchbreck,1
auchenback,1
auchenbainzie,1
auchenblae,1
auchenbowie,1
auchencairn,1
auchencar,1
auchencrow,1
auchendinny,1
auchendryne,1
auchengray,1
auchenhalrig,1
auchenharvie,1
auchenheath,1
auchenhew,1
auchenlochan,1
auchenreat,1
auchenreoch,1
auchenreoch_muir,1
auchenshuggle,1
auchentibber,1
auchentiber,1
auchentorlie,1
auchertyre,1
auchinairn,1
auchinderran,1
auchindrain,1
auchinlea_park,1
auchinleck,1
auchinleish,1
auchinloch,1
auchinraith,1
auchinreoch,1
auchinstarry,1
auchleven,1
auchlyne,1
auchmillan,1
auchmithie,1
auchmuirbridge,1
auchmuty,1
auchnacree,1
auchnagatt,1
auchnarrow,1
auchterarder,1
auchtercairn,1
auchterderran,1
auchterhouse,1
auchtermuchty,1
auchtertool,1
auchtubh,1
auckland,1
auckley,1
audenshaw,1
audlem,1
audley,1
audley_end,1
aughertree,1
aughton,1
aughton_park,1
aukside,1
auldearn,1
aulden,1
auldgirth,1
auldhouse,1
auldyoch,1
ault_hucknall,1
aultbea,1
aultiphurst,1
aultivullin,1
aultmore,1
aultvaich,1
aunby,1
aunk,1
aunsby,1
auratote,1
aust,1
austen_fen,1
austendike,1
austenwood,1
austerfield,1
austerlands,1
austhorpe,1
austin,1
austrey,1
austwick,1
authorpe,1
authorpe_row,1
avebury,1
avebury_trusloe,1
aveley,1
avening,1
avening_green,1
averham,1
avernish,1
avery_hill,1
aveton_gifford,1
aviemore,1
avington,1
avoch,1
avon,1
avon_dassett,1
avonbridge,1
avoncliff,1
avonmouth,1
avonwick,1
awbridge,1
awkley,1
awliscombe,1
awre,1
awsworth,1
axbridge,1
axford,1
axmansford,1
axminster,1
axmouth,1
axton,1
axtown,1
axwell_park,1
aycliff,1
aycliffe_village,1
aydon,1
aykley_heads,1
aylburton,1
aylburton_common,1
ayle,1
aylesbeare,1
aylesbury,1
aylesby,1
aylesford,1
aylesham,1
aylestone,1
aylestone_hill,1
aylestone_park,1
aylmerton,1
aylsham,1
aylton,1
aylworth,1
aymestrey,1
aynho,1
ayot_green,1
ayot_st_lawrence,1
ayot_st_peter,1
ayr,1
ayres_end,1
ayres_of_selivoe,1
ayres_quay,1
ayre's_quay,1
aysgarth,1
ayshford,1
ayside,1
ayston,1
aythorpe_roding,1
ayton,1
ayton_castle,1
aywick,1
azerley,1